name,name
first1,last1
first2,last2
first3,last3
first4,last4
first5,last5
first6,last6
first7,last7
first8,last8
first9,last9
first10,last10
first11,last11
first12,last12
first13,last13
first14,last14
first15,last15
first16,last16
first17,last17
first18,last18
first19,last19
first20,last20
first21,last21
first22,last22
first23,last23
first24,last24
first25,last25
first26,last26
first27,last27
first28,last28
first29,last29
first30,last30
first31,last31
first32,last32
first33,last33
first34,last34
first35,last35
first36,last36
first37,last37
first38,last38
first39,last39
first40,last40
first41,last41
first42,last42
first43,last43
first44,last44
first45,last45
first46,last46
first47,last47
first48,last48
first49,last49
first50,last50
first51,last51
first52,last52
first53,last53
first54,last54
first55,last55
first56,last56
first57,last57
first58,last58
first59,last59
first60,last60
first61,last61
first62,last62
first63,last63
first64,last64
first65,last65
first66,last66
first67,last67
first68,last68
first69,last69
first70,last70
first71,last71
first72,last72
